"","Acer rubrum_Endo","Acer rubrum_Epi","Acer rubrum_Lit","Acer rubrum_Soil","Carya ovata_Endo","Carya ovata_Epi","Carya ovata_Lit"
"Acer rubrum_Epi",0.004,NA,NA,NA,NA,NA,NA
"Acer rubrum_Lit",0.0165454545454545,0.004,NA,NA,NA,NA,NA
"Acer rubrum_Soil",0.00509090909090909,0.004,0.00933333333333333,NA,NA,NA,NA
"Carya ovata_Endo",0.0165454545454545,0.014,0.0175,0.0224,NA,NA,NA
"Carya ovata_Epi",0.0112,0.004,0.00509090909090909,0.004,0.01225,NA,NA
"Carya ovata_Lit",0.0131764705882353,0.00509090909090909,0.0165454545454545,0.0165454545454545,0.183555555555556,0.00509090909090909,NA
"Carya ovata_Soil",0.0112,0.004,0.0175,0.95,0.0226153846153846,0.004,0.0107692307692308
